text,,
I love this app!,,
The service was terrible.,,
Itâ€™s okay, nothing special.,
the mathch was very good,,
Total disaster, don't recommend!,
This is a ripoff, overpriced garbage.,
Awful, just awful in every way.,
Worst investment I've ever made.,,
Poor quality and bad design.,,
This doesn't work as advertised.,,
Extremely disappointed with this purchase.,,
Terrible company, terrible product.,
I regret buying this so much.,,
This is worse than I expected.,,
Absolute disaster, I hate this!,
Bad quality, bad service, bad everything.
This product is useless and broken.,,
The worst thing I've ever purchased.,,
I couldn't be more satisfied with this purchase.,,
Wonderful experience from start to finish!,,
This is a game-changer for my business.,,
Best investment I've made this year!,,
Highly recommend this to everyone!,,
Perfect quality and amazing value for money.,,
I love everything about this product.,,
Exceeded all my expectations!,,
Absolutely perfect, no complaints at all!,
This is incredible, 5 stars!,
Best decision ever to buy this.,,
Love the quality and design!,,
Superb quality and excellent service.,,
This product changed my life!,,
Fantastic features and great support!,,
I'm thrilled with this purchase!,,
Amazing quality at an affordable price.,,
This is the best money I've spent.,,
Couldn't ask for anything better!,,
Love it, absolutely love it!,
Great product, great company!,
This exceeded my expectations completely.,,
I'm very impressed with the quality.,,
This is perfect, just what I needed.,
This product is terrible and doesn't work at all.,,
Worst purchase ever! Total waste of money.,,
Horrible quality, very disappointed.,
Terrible customer service, never again!,
This is garbage, completely useless.,
I hate this product, it's awful!,
Extremely poor quality and bad design.,,
Don't buy this, it's a scam!,
Worst experience of my life.,,
Terrible, absolutely terrible!,
This broke after one day of use.,,
Horrible! A complete waste of money.,,
I'm very unhappy with this purchase.,,
Pathetic quality, very disappointed.,
This is the worst product I've ever bought.,,
Disgusting quality, never again!,
Total disaster, don't recommend!,
This is a ripoff, overpriced garbage.,
Awful, just awful in every way.,
Worst investment I've ever made.,,
Poor quality and bad design.,,
This doesn't work as advertised.,,
Extremely disappointed with this purchase.,,
Terrible company, terrible product.,
I regret buying this so much.,,
This is worse than I expected.,,
Absolute disaster, I hate this!,
Bad quality, bad service, bad everything.
This product is useless and broken.,,
The worst thing I've ever purchased.,,
This is an average product.,,
It's okay, nothing special.,
The product is decent, I guess.,
It works, but nothing to write home about.,
It's fine, just fine.,
Not bad, not great either.,
It's acceptable for the price.,,
Pretty standard product.,,
Same as any other product.,,
It does what it's supposed to do.,,
Nothing remarkable about this.,,
It's just a regular product.,,
Meets expectations, nothing more.,
It's mediocre at best.,,
Standard quality for this price range.,,
It's alright, I suppose.,
Not impressive but not bad.,,
It's neither good nor bad.,,
Average product for average price.,,
Could be better, could be worse.,
It's adequate for the cost.,,
Pretty ordinary if you ask me.,,
It's just okay.,,
Nothing extraordinary about it.,,
It's acceptable.,,
Standard and unremarkable.,,
It works as intended.,,
No complaints, but no praise either.,
It's a typical product.,,
Pretty much what I expected.,,
Good product but terrible customer service.,,
Great quality but very overpriced.,,
I like the design but it broke quickly.,,
Excellent features but difficult to use.,,
Amazing product but shipping was slow.,,
Love the quality, hate the price.,
Good value but poor design.,,
Fast shipping but product is mediocre.,,
Great service but product disappointed me.,,
Beautiful design but not very functional.,,
Works well but doesn't look great.,,
Good features but cheap materials.,,
Nice appearance but poor performance.,,
Excellent packaging but product is bad.,,
Great customer support but item is defective.,,
Awesome!,,
Terrible!,,
